{"interactiveVideo":{"video":{"startScreenOptions":{"title":"Interactive Video","hideStartTitle":false},"textTracks":{"videoTrack":[{"label":"Subtitles","kind":"subtitles","srcLang":"en"}]},"files":[{"path":"https://youtu.be/SX6mow1AExI","mime":"video/YouTube","copyright":{"license":"U"},"aspectRatio":"16:9"}]},"assets":{"interactions":[{"x":0,"y":0,"width":40,"height":22.5,"duration":{"from":61,"to":61},"libraryTitle":"Drag and Drop","action":{"library":"H5P.DragQuestion 1.13","params":{"scoreShow":"Check","tryAgain":"Retry","scoreExplanation":"Correct answers give +1 point. Incorrect answers give -1 point. The lowest possible score is 0.","question":{"settings":{"size":{"width":620,"height":310}},"task":{"elements":[{"x":27.41655642235541,"y":0.000013233366922988,"width":18.8125,"height":19.375,"dropZones":[],"type":{"library":"H5P.Image 1.1","params":{"contentName":"Image","file":{"path":"","mime":"image/png","copyright":{"license":"U"},"width":1150,"height":1125},"alt":"microscope"},"subContentId":"1669bc32-1562-4043-9697-dacd0de14bd8","metadata":{"contentType":"Image","license":"U","title":"Untitled Image","authors":[],"changes":[]}},"backgroundOpacity":100,"multiple":false},{"x":46.77262183741393,"y":9.676769013530233,"width":6.7003475,"height":1.0731775938720713,"dropZones":["0","1","2","3","4","5","6","7"],"type":{"library":"H5P.AdvancedText 1.1","params":{"text":"<p>Eyepiece lens</p>\n"},"subContentId":"b3cdf384-9f8e-4c9d-946c-150b70b9d02f","metadata":{"contentType":"Text","license":"U","title":"Untitled Text","authors":[],"changes":[]}},"backgroundOpacity":100,"multiple":false},{"x":51.61116892404296,"y":0,"width":6.7003475,"height":1.0753475,"dropZones":["0","1","2","3","4","5","6","7"],"type":{"library":"H5P.AdvancedText 1.1","params":{"text":"<p>Coarse focus</p>\n"},"subContentId":"ba9acdc6-3e6b-4de8-824d-7f88a4b4f190","metadata":{"contentType":"Text","license":"U","title":"Untitled Text","authors":[],"changes":[]}},"backgroundOpacity":100,"multiple":false},{"x":83.8681495015698,"y":9.676769013530233,"width":5.3878475,"height":1.0710070311279307,"dropZones":["0","1","2","3","4","5","6","7"],"type":{"library":"H5P.AdvancedText 1.1","params":{"text":"<p>Fine focus</p>\n"},"subContentId":"34b36eab-482d-47c2-b2bd-a284b46e5177","metadata":{"contentType":"Text","license":"U","title":"Untitled Text","authors":[],"changes":[]}},"backgroundOpacity":100,"multiple":false},{"x":66.12681018393003,"y":9.676769013530233,"width":6.0753475,"height":1.0710070311279307,"dropZones":["0","1","2","3","4","5","6","7"],"type":{"library":"H5P.AdvancedText 1.1","params":{"text":"<p>Stage clips</p>\n"},"subContentId":"e4d5bdeb-2628-4d52-9c05-e8d8c9ae05c7","metadata":{"contentType":"Text","license":"U","title":"Untitled Text","authors":[],"changes":[]}},"backgroundOpacity":100,"multiple":false},{"x":0,"y":90.31651079294883,"width":11.6378475,"height":1.0753475,"dropZones":["0","1","2","3","4","5","6","7"],"type":{"library":"H5P.AdvancedText 1.1","params":{"text":"<p>Low power objective</p>\n"},"subContentId":"5d0b772c-7399-4a7a-b7d8-120adb429f08","metadata":{"contentType":"Text","license":"U","title":"Untitled Text","authors":[],"changes":[]}},"backgroundOpacity":100,"multiple":false},{"x":69.35250824168273,"y":90.31651079294883,"width":11.0753475,"height":1.0753475,"dropZones":["0","1","2","3","4","5","6","7"],"type":{"library":"H5P.AdvancedText 1.1","params":{"text":"<p>High power objective</p>\n"},"subContentId":"bf9990a3-58d1-421c-9625-2138f1594ed1","metadata":{"contentType":"Text","license":"U","title":"Untitled Text","authors":[],"changes":[]}},"backgroundOpacity":100,"multiple":false},{"x":88.70669658819884,"y":0,"width":3.5753475,"height":1.0753475,"dropZones":["0","1","2","3","4","5","6","7"],"type":{"library":"H5P.AdvancedText 1.1","params":{"text":"<p>Stage</p>\n"},"subContentId":"1810d058-7fe5-4567-9af1-78c84bef4e82","metadata":{"contentType":"Text","license":"U","title":"Untitled Text","authors":[],"changes":[]}},"backgroundOpacity":100,"multiple":false},{"x":70.96535727055907,"y":0,"width":6.0753475,"height":1.0742609678955088,"dropZones":["0","1","2","3","4","5","6","7"],"type":{"library":"H5P.AdvancedText 1.1","params":{"text":"<p>Light source</p>\n"},"subContentId":"c820ad1f-9b72-47c4-bd59-e6b90c569b9c","metadata":{"contentType":"Text","license":"U","title":"Untitled Text","authors":[],"changes":[]}},"backgroundOpacity":100,"multiple":false}],"dropZones":[{"x":0,"y":0.000013233366922988,"width":11.87391561366272,"height":2.5,"correctElements":["1"],"showLabel":false,"backgroundOpacity":0,"tipsAndFeedback":{"tip":""},"single":false,"autoAlign":false,"label":"<div>Eyepiece</div>\n","type":{"library":"H5P.DragQuestionDropzone 0.1"}},{"x":0,"y":32.25246645287297,"width":13.12391561366272,"height":2.5,"correctElements":["2"],"showLabel":false,"backgroundOpacity":0,"tipsAndFeedback":{"tip":""},"single":false,"autoAlign":false,"label":"<div>Coarse focus</div>\n","type":{"library":"H5P.DragQuestionDropzone 0.1"}},{"x":0,"y":46.12455645413305,"width":13.12391561366272,"height":2.5,"correctElements":["3"],"showLabel":false,"backgroundOpacity":0,"tipsAndFeedback":{"tip":""},"single":false,"autoAlign":false,"label":"<div>Fine focus</div>\n","type":{"library":"H5P.DragQuestionDropzone 0.1"}},{"x":0,"y":61.2847245173891,"width":13.12391561366272,"height":2.5,"correctElements":["4"],"showLabel":false,"backgroundOpacity":0,"tipsAndFeedback":{"tip":""},"single":false,"autoAlign":false,"label":"<div>Stage clips</div>\n","type":{"library":"H5P.DragQuestionDropzone 0.1"}},{"x":67.7391395286117,"y":22.57504709803428,"width":12.502385557662965,"height":2.5,"correctElements":["5"],"showLabel":false,"backgroundOpacity":0,"tipsAndFeedback":{"tip":""},"single":false,"autoAlign":false,"label":"<div>Low power objective lens</div>\n","type":{"library":"H5P.DragQuestionDropzone 0.1"}},{"x":66.12623630280525,"y":35.47826306010585,"width":13.127385557662965,"height":2.5,"correctElements":["6"],"showLabel":false,"backgroundOpacity":0,"tipsAndFeedback":{"tip":""},"single":false,"autoAlign":false,"label":"<div>High power objective lens</div>\n","type":{"library":"H5P.DragQuestionDropzone 0.1"}},{"x":72.57784428384105,"y":48.38148886655746,"width":10.625,"height":2.5,"correctElements":["7"],"showLabel":false,"backgroundOpacity":0,"tipsAndFeedback":{"tip":""},"single":false,"autoAlign":false,"label":"<div>Stage</div>\n","type":{"library":"H5P.DragQuestionDropzone 0.1"}},{"x":null,"y":null,"width":10.625,"height":2.5,"correctElements":["8"],"showLabel":false,"backgroundOpacity":0,"tipsAndFeedback":{"tip":""},"single":false,"autoAlign":false,"label":"<div>Light source</div>\n","type":{"library":"H5P.DragQuestionDropzone 0.1"}}]}},"overallFeedback":[{"from":0,"to":100}],"behaviour":{"enableRetry":true,"enableCheckButton":true,"showSolutionsRequiresInput":true,"singlePoint":false,"applyPenalties":false,"enableScoreExplanation":true,"dropZoneHighlighting":"never","autoAlignSpacing":2,"enableFullScreen":false,"showScorePoints":true,"showTitle":true,"backgroundOpacity":"0"},"grabbablePrefix":"Grabbable {num} of {total}.","grabbableSuffix":"Placed in dropzone {num}.","dropzonePrefix":"Dropzone {num} of {total}.","noDropzone":"No dropzone.","tipLabel":"Show tip.","tipAvailable":"Tip available","correctAnswer":"Correct answer","wrongAnswer":"Wrong answer","feedbackHeader":"Feedback","scoreBarLabel":"You got :num out of :total points","scoreExplanationButtonLabel":"Show score explanation","localize":{"fullscreen":"Fullscreen","exitFullscreen":"Exit fullscreen"},"a11yCheck":"Check the answers. The responses will be marked as correct, incorrect, or unanswered.","a11yRetry":"Retry the task. Reset all responses and start the task over again."},"metadata":{"contentType":"Drag and Drop","license":"U","title":"Drag the labels to their correct places","authors":[],"changes":[],"extraTitle":"Drag the labels to their correct places"},"subContentId":"aa16b027-927b-4317-b09c-c55afb487436"},"pause":true,"displayType":"poster","buttonOnMobile":false,"adaptivity":{"correct":{"allowOptOut":false,"message":""},"wrong":{"allowOptOut":false,"message":""},"requireCompletion":false},"label":""},{"x":3.2751091703056767,"y":5.822416302765648,"width":37.995824634655534,"height":20.876826722338205,"duration":{"from":144,"to":144},"libraryTitle":"Single Choice Set","action":{"library":"H5P.SingleChoiceSet 1.11","params":{"choices":[{"subContentId":"3223e3d4-852b-4d01-86ac-11c20f5fa8c2","question":"<p>Another name for the \"Turret\"?</p>\n","answers":["<p>Nosepiece</p>\n","<p>Eyepiece</p>\n","<p>Rotator</p>\n","<p>Lens piece</p>\n"]},{"subContentId":"95824906-9d4c-4400-9ecd-39959715bb8a","question":"<p>Another name for the eyepiece lens</p>\n","answers":["<p>Ocular</p>\n","<p>Telescope</p>\n","<p>Binocular</p>\n","<p>Spectacle</p>\n"]}],"overallFeedback":[{"from":0,"to":100}],"behaviour":{"autoContinue":true,"timeoutCorrect":2000,"timeoutWrong":3000,"soundEffectsEnabled":true,"enableRetry":true,"enableSolutionsButton":true,"passPercentage":100},"l10n":{"nextButtonLabel":"Next question","showSolutionButtonLabel":"Show solution","retryButtonLabel":"Retry","solutionViewTitle":"Solution list","correctText":"Correct!","incorrectText":"Incorrect!","muteButtonLabel":"Mute feedback sound","closeButtonLabel":"Close","slideOfTotal":"Slide :num of :total","scoreBarLabel":"You got :num out of :total points","solutionListQuestionNumber":"Question :num","a11yShowSolution":"Show the solution. The task will be marked with its correct solution.","a11yRetry":"Retry the task. Reset all responses and start the task over again."}},"metadata":{"contentType":"Single Choice Set","license":"U","title":"Another name for the &quot;Turret&quot;","authors":[],"changes":[],"extraTitle":"Another name for the &quot;Turret&quot;"},"subContentId":"3d5bbf4e-0cad-4fa4-a615-73e5c29c1f1d"},"pause":true,"displayType":"poster","buttonOnMobile":false,"adaptivity":{"correct":{"allowOptOut":false,"message":""},"wrong":{"allowOptOut":false,"message":""},"requireCompletion":false},"label":""},{"x":1.0438413361169103,"y":11.131725417439704,"width":39.24843423799582,"height":19.582463465553236,"duration":{"from":154,"to":154},"libraryTitle":"Single Choice Set","action":{"library":"H5P.SingleChoiceSet 1.11","params":{"choices":[{"subContentId":"a5ccbeaf-8286-4a5e-ba42-33e547b6459f","question":"<p>What is the magnification set at right now?</p>\n","answers":["<p>40</p>\n","<p>14</p>\n","<p>10</p>\n","<p>4</p>\n"]},{"subContentId":"9dc6ba62-200c-4088-8ed4-70fa17cbc02c","question":"<p>What is the highest magnification possible with this microscope?</p>\n","answers":["<p>400</p>\n","<p>40</p>\n","<p>50</p>\n","<p>44</p>\n"]}],"overallFeedback":[{"from":0,"to":100}],"behaviour":{"autoContinue":true,"timeoutCorrect":2000,"timeoutWrong":3000,"soundEffectsEnabled":true,"enableRetry":true,"enableSolutionsButton":true,"passPercentage":100},"l10n":{"nextButtonLabel":"Next question","showSolutionButtonLabel":"Show solution","retryButtonLabel":"Retry","solutionViewTitle":"Solution list","correctText":"Correct!","incorrectText":"Incorrect!","muteButtonLabel":"Mute feedback sound","closeButtonLabel":"Close","slideOfTotal":"Slide :num of :total","scoreBarLabel":"You got :num out of :total points","solutionListQuestionNumber":"Question :num","a11yShowSolution":"Show the solution. The task will be marked with its correct solution.","a11yRetry":"Retry the task. Reset all responses and start the task over again."}},"metadata":{"contentType":"Single Choice Set","license":"U","title":"Calculating magnification settings","authors":[],"changes":[],"extraTitle":"Calculating magnification settings"},"subContentId":"1edd8b02-9777-4e5f-bb20-22eae1b976ab"},"pause":true,"displayType":"poster","buttonOnMobile":false,"adaptivity":{"correct":{"allowOptOut":false,"message":""},"wrong":{"allowOptOut":false,"message":""},"requireCompletion":false},"label":""},{"x":0,"y":0,"width":40,"height":21.83406113537118,"duration":{"from":196,"to":196},"libraryTitle":"Fill in the Blanks","action":{"library":"H5P.Blanks 1.12","params":{"media":{"disableImageZooming":false},"text":"<p>Fill in the missing words</p>\n","overallFeedback":[{"from":0,"to":100}],"showSolutions":"Show solution","tryAgain":"Retry","checkAnswer":"Check","notFilledOut":"Please fill in all blanks to view solution","answerIsCorrect":"':ans' is correct","answerIsWrong":"':ans' is wrong","answeredCorrectly":"Answered correctly","answeredIncorrectly":"Answered incorrectly","solutionLabel":"Correct answer:","inputLabel":"Blank input @num of @total","inputHasTipLabel":"Tip available","tipLabel":"Tip","behaviour":{"enableRetry":true,"enableSolutionsButton":true,"enableCheckButton":true,"autoCheck":false,"caseSensitive":true,"showSolutionsRequiresInput":true,"separateLines":false,"confirmCheckDialog":false,"confirmRetryDialog":false,"acceptSpellingErrors":false},"scoreBarLabel":"You got :num out of :total points","a11yCheck":"Check the answers. The responses will be marked as correct, incorrect, or unanswered.","a11yShowSolution":"Show the solution. The task will be marked with its correct solution.","a11yRetry":"Retry the task. Reset all responses and start the task over again.","a11yCheckingModeHeader":"Checking mode","confirmCheck":{"header":"Finish ?","body":"Are you sure you wish to finish ?","cancelLabel":"Cancel","confirmLabel":"Finish"},"confirmRetry":{"header":"Retry ?","body":"Are you sure you wish to retry ?","cancelLabel":"Cancel","confirmLabel":"Confirm"},"questions":["<p>Rather than their use fingers, most scientists would normally create the small sections of epidermal tissue with a *scalpel* and then remove them with a pair of *forceps/tweezers*</p>\n"]},"subContentId":"d9294e6c-4432-4e9e-b368-f14c0869bb52","metadata":{"contentType":"Fill in the Blanks","license":"U","title":"Removing onion &quot;skin&quot; tissue","authors":[],"changes":[],"extraTitle":"Removing onion &quot;skin&quot; tissue"}},"pause":true,"displayType":"poster","buttonOnMobile":false,"adaptivity":{"correct":{"allowOptOut":false,"message":""},"wrong":{"allowOptOut":false,"message":""},"requireCompletion":false},"label":""},{"x":0,"y":0,"width":40,"height":20.37528384279476,"duration":{"from":191,"to":191},"libraryTitle":"Fill in the Blanks","action":{"library":"H5P.Blanks 1.12","params":{"media":{"disableImageZooming":false},"text":"<p>Name the onion \"skin\" tissue</p>\n","overallFeedback":[{"from":0,"to":100}],"showSolutions":"Show solution","tryAgain":"Retry","checkAnswer":"Check","notFilledOut":"Please fill in all blanks to view solution","answerIsCorrect":"':ans' is correct","answerIsWrong":"':ans' is wrong","answeredCorrectly":"Answered correctly","answeredIncorrectly":"Answered incorrectly","solutionLabel":"Correct answer:","inputLabel":"Blank input @num of @total","inputHasTipLabel":"Tip available","tipLabel":"Tip","behaviour":{"enableRetry":true,"enableSolutionsButton":true,"enableCheckButton":true,"autoCheck":false,"caseSensitive":true,"showSolutionsRequiresInput":true,"separateLines":false,"confirmCheckDialog":false,"confirmRetryDialog":false,"acceptSpellingErrors":false},"scoreBarLabel":"You got :num out of :total points","a11yCheck":"Check the answers. The responses will be marked as correct, incorrect, or unanswered.","a11yShowSolution":"Show the solution. The task will be marked with its correct solution.","a11yRetry":"Retry the task. Reset all responses and start the task over again.","a11yCheckingModeHeader":"Checking mode","confirmCheck":{"header":"Finish ?","body":"Are you sure you wish to finish ?","cancelLabel":"Cancel","confirmLabel":"Finish"},"confirmRetry":{"header":"Retry ?","body":"Are you sure you wish to retry ?","cancelLabel":"Cancel","confirmLabel":"Confirm"},"questions":["<p>A more correct term for the \"thin layer of skin\" would be *epidermal/Epidermal* tissue</p>\n"]},"subContentId":"fc3a30aa-0fe8-42de-9a0d-15c7a3f96500","metadata":{"contentType":"Fill in the Blanks","license":"U","title":"Naming the onion &quot;skin&quot; tissue","authors":[],"changes":[],"extraTitle":"Naming the onion &quot;skin&quot; tissue"}},"pause":true,"displayType":"poster","buttonOnMobile":false,"adaptivity":{"correct":{"allowOptOut":false,"message":""},"wrong":{"allowOptOut":false,"message":""},"requireCompletion":false},"label":""},{"x":0,"y":0,"width":40,"height":22.270742358078603,"duration":{"from":242,"to":242},"libraryTitle":"Fill in the Blanks","action":{"library":"H5P.Blanks 1.12","params":{"media":{"disableImageZooming":false},"text":"Fill in the missing words","overallFeedback":[{"from":0,"to":100}],"showSolutions":"Show solution","tryAgain":"Retry","checkAnswer":"Check","notFilledOut":"Please fill in all blanks to view solution","answerIsCorrect":"':ans' is correct","answerIsWrong":"':ans' is wrong","answeredCorrectly":"Answered correctly","answeredIncorrectly":"Answered incorrectly","solutionLabel":"Correct answer:","inputLabel":"Blank input @num of @total","inputHasTipLabel":"Tip available","tipLabel":"Tip","behaviour":{"enableRetry":true,"enableSolutionsButton":true,"enableCheckButton":true,"autoCheck":false,"caseSensitive":true,"showSolutionsRequiresInput":true,"separateLines":false,"confirmCheckDialog":false,"confirmRetryDialog":false,"acceptSpellingErrors":false},"scoreBarLabel":"You got :num out of :total points","a11yCheck":"Check the answers. The responses will be marked as correct, incorrect, or unanswered.","a11yShowSolution":"Show the solution. The task will be marked with its correct solution.","a11yRetry":"Retry the task. Reset all responses and start the task over again.","a11yCheckingModeHeader":"Checking mode","confirmCheck":{"header":"Finish ?","body":"Are you sure you wish to finish ?","cancelLabel":"Cancel","confirmLabel":"Finish"},"confirmRetry":{"header":"Retry ?","body":"Are you sure you wish to retry ?","cancelLabel":"Cancel","confirmLabel":"Confirm"},"questions":["<p>Iodine will act as a *stain*&nbsp;and will change the colour of *starch* grains to a blue black.</p>\n"]},"subContentId":"19ab46fb-d411-4f5e-b696-695bbb6f2944","metadata":{"contentType":"Fill in the Blanks","license":"U","title":"Purpose of iodine","authors":[],"changes":[],"extraTitle":"Purpose of iodine"}},"pause":true,"displayType":"poster","buttonOnMobile":false,"adaptivity":{"correct":{"allowOptOut":false,"message":""},"wrong":{"allowOptOut":false,"message":""},"requireCompletion":false},"label":""},{"x":0,"y":0,"width":40,"height":22.5,"duration":{"from":263,"to":263},"libraryTitle":"Fill in the Blanks","action":{"library":"H5P.Blanks 1.12","params":{"media":{"disableImageZooming":false},"text":"Fill in the missing words","overallFeedback":[{"from":0,"to":100}],"showSolutions":"Show solution","tryAgain":"Retry","checkAnswer":"Check","notFilledOut":"Please fill in all blanks to view solution","answerIsCorrect":"':ans' is correct","answerIsWrong":"':ans' is wrong","answeredCorrectly":"Answered correctly","answeredIncorrectly":"Answered incorrectly","solutionLabel":"Correct answer:","inputLabel":"Blank input @num of @total","inputHasTipLabel":"Tip available","tipLabel":"Tip","behaviour":{"enableRetry":true,"enableSolutionsButton":true,"enableCheckButton":true,"autoCheck":false,"caseSensitive":true,"showSolutionsRequiresInput":true,"separateLines":false,"confirmCheckDialog":false,"confirmRetryDialog":false,"acceptSpellingErrors":false},"scoreBarLabel":"You got :num out of :total points","a11yCheck":"Check the answers. The responses will be marked as correct, incorrect, or unanswered.","a11yShowSolution":"Show the solution. The task will be marked with its correct solution.","a11yRetry":"Retry the task. Reset all responses and start the task over again.","a11yCheckingModeHeader":"Checking mode","confirmCheck":{"header":"Finish ?","body":"Are you sure you wish to finish ?","cancelLabel":"Cancel","confirmLabel":"Finish"},"confirmRetry":{"header":"Retry ?","body":"Are you sure you wish to retry ?","cancelLabel":"Cancel","confirmLabel":"Confirm"},"questions":["<p>Coverslip are *slowly* lowered into place from one edge to allow the fluid to adhere up the surface of the coverslip, which reduces the formation of *air bubbles*&nbsp;The thin glass cover slip often serves three purposes: (1) it protects the microscope's *objective lens* from contacting the specimen,&nbsp; (2) it creates an even *thickness* (in wet mounts) for viewing and (3) it helps prevent the stained speciment from distortion due to *drying* As cover slips are very *thin* they are easily broken, so many scientists prefer to lower them in to place using a fine mounting needle or similar piece of equipment.</p>\n"]},"subContentId":"cdbf9e04-b1d5-410d-a21c-0d0c11ab542e","metadata":{"contentType":"Fill in the Blanks","license":"U","title":"Purpose of coverslips","authors":[],"changes":[],"extraTitle":"Purpose of coverslips"}},"pause":true,"displayType":"poster","buttonOnMobile":false,"adaptivity":{"correct":{"allowOptOut":false,"message":""},"wrong":{"allowOptOut":false,"message":""},"requireCompletion":false},"label":""},{"x":0,"y":0,"width":40,"height":22.5,"duration":{"from":378,"to":378},"libraryTitle":"Fill in the Blanks","action":{"library":"H5P.Blanks 1.12","params":{"media":{"disableImageZooming":false},"text":"<p>How to focus safely</p>\n","overallFeedback":[{"from":0,"to":100}],"showSolutions":"Show solution","tryAgain":"Retry","checkAnswer":"Check","notFilledOut":"Please fill in all blanks to view solution","answerIsCorrect":"':ans' is correct","answerIsWrong":"':ans' is wrong","answeredCorrectly":"Answered correctly","answeredIncorrectly":"Answered incorrectly","solutionLabel":"Correct answer:","inputLabel":"Blank input @num of @total","inputHasTipLabel":"Tip available","tipLabel":"Tip","behaviour":{"enableRetry":true,"enableSolutionsButton":true,"enableCheckButton":true,"autoCheck":false,"caseSensitive":true,"showSolutionsRequiresInput":true,"separateLines":false,"confirmCheckDialog":false,"confirmRetryDialog":false,"acceptSpellingErrors":false},"scoreBarLabel":"You got :num out of :total points","a11yCheck":"Check the answers. The responses will be marked as correct, incorrect, or unanswered.","a11yShowSolution":"Show the solution. The task will be marked with its correct solution.","a11yRetry":"Retry the task. Reset all responses and start the task over again.","a11yCheckingModeHeader":"Checking mode","confirmCheck":{"header":"Finish ?","body":"Are you sure you wish to finish ?","cancelLabel":"Cancel","confirmLabel":"Finish"},"confirmRetry":{"header":"Retry ?","body":"Are you sure you wish to retry ?","cancelLabel":"Cancel","confirmLabel":"Confirm"},"questions":["<p>When adjusting a microscope it is best practise to move the objective *away* from the specimen. If the *focus* point has been missed then the objective is moved further from the specimen rather than crashing into it.</p>\n"]},"subContentId":"33a64c6e-46b0-49e4-9b96-cdf399eb013a","metadata":{"contentType":"Fill in the Blanks","license":"U","title":"Untitled Fill in the Blanks","authors":[],"changes":[],"extraTitle":"Untitled Fill in the Blanks"}},"pause":true,"displayType":"poster","buttonOnMobile":false,"adaptivity":{"correct":{"allowOptOut":false,"message":""},"wrong":{"allowOptOut":false,"message":""},"requireCompletion":false},"label":""},{"x":1.0420062770144154,"y":14.842603716290117,"width":39.24843423799582,"height":18.789144050104383,"duration":{"from":473,"to":473},"libraryTitle":"Single Choice Set","action":{"library":"H5P.SingleChoiceSet 1.11","params":{"choices":[{"subContentId":"ec6f018c-8fe7-4871-b554-08301f2b7526","question":"<p>Which is the most appropriate control for adjusting the focus after changing the objective lens?</p>\n","answers":["<p>Using the fine focus control</p>\n","<p>Using the course focus control</p>\n"]}],"overallFeedback":[{"from":0,"to":100}],"behaviour":{"autoContinue":true,"timeoutCorrect":2000,"timeoutWrong":3000,"soundEffectsEnabled":true,"enableRetry":true,"enableSolutionsButton":true,"passPercentage":100},"l10n":{"nextButtonLabel":"Next question","showSolutionButtonLabel":"Show solution","retryButtonLabel":"Retry","solutionViewTitle":"Solution list","correctText":"Correct!","incorrectText":"Incorrect!","muteButtonLabel":"Mute feedback sound","closeButtonLabel":"Close","slideOfTotal":"Slide :num of :total","scoreBarLabel":"You got :num out of :total points","solutionListQuestionNumber":"Question :num","a11yShowSolution":"Show the solution. The task will be marked with its correct solution.","a11yRetry":"Retry the task. Reset all responses and start the task over again."}},"metadata":{"contentType":"Single Choice Set","license":"U","title":"How to focus effectively","authors":[],"changes":[],"extraTitle":"How to focus effectively"},"subContentId":"e02bc96e-f024-400a-95ca-ef7931688417"},"pause":true,"displayType":"poster","buttonOnMobile":false,"adaptivity":{"correct":{"allowOptOut":false,"message":""},"wrong":{"allowOptOut":false,"message":""},"requireCompletion":false},"label":"<p>Which is the most approprioate way to adjust focus after moving to a different objective lens?</p>\n"},{"x":0,"y":0.19408054342552158,"width":10.020876826722338,"height":7.524207856242029,"duration":{"from":698,"to":698},"libraryTitle":"Image","action":{"library":"H5P.Image 1.1","params":{"contentName":"Image","file":{"path":"","mime":"image/jpeg","copyright":{"license":"U"},"width":256,"height":192},"alt":"stage micrometer"},"metadata":{"contentType":"Image","license":"U","title":"stage micrometer","authors":[],"changes":[]},"subContentId":"52f3dd63-cad3-4297-a0f6-e5f349e31ba2"},"visuals":{"backgroundColor":"rgba(0,0,0,0)","boxShadow":true},"pause":true,"displayType":"poster","buttonOnMobile":false,"goto":{"url":{"protocol":"http://"},"visualize":false,"type":""},"label":""},{"x":25.109170305676855,"y":0.19408054342552158,"width":13.053510603230416,"height":7.515657620041754,"duration":{"from":698,"to":698},"libraryTitle":"Image","action":{"library":"H5P.Image 1.1","params":{"contentName":"Image","file":{"path":"","mime":"image/jpeg","copyright":{"license":"U"},"width":1200,"height":1200},"alt":"stage micrometer"},"metadata":{"contentType":"Image","license":"U","title":"Untitled Image","authors":[],"changes":[]},"subContentId":"61918c58-621c-4bf0-90d2-77541354b8d5"},"visuals":{"backgroundColor":"rgba(0,0,0,0)","boxShadow":true},"pause":true,"displayType":"poster","buttonOnMobile":false,"goto":{"url":{"protocol":"http://"},"visualize":false,"type":""},"label":""},{"x":0,"y":32.99369238233867,"width":39.6656768558952,"height":15.0764192139738,"duration":{"from":698,"to":698},"libraryTitle":"Single Choice Set","action":{"library":"H5P.SingleChoiceSet 1.11","params":{"choices":[{"subContentId":"e252319c-27e6-460e-b2c8-db3958ba9269","question":"<p>Instead of putting a plastic ruler on the stage a special glass slide with precision marking can be used. It's FAR more accurate, but what is it called?</p>\n","answers":["<p>Stage micrometer</p>\n","<p>Slide ruler</p>\n","<p>Stage ruler</p>\n","<p>Slide micrometer</p>\n"]}],"overallFeedback":[{"from":0,"to":100}],"behaviour":{"autoContinue":true,"timeoutCorrect":2000,"timeoutWrong":3000,"soundEffectsEnabled":true,"enableRetry":true,"enableSolutionsButton":true,"passPercentage":100},"l10n":{"nextButtonLabel":"Next question","showSolutionButtonLabel":"Show solution","retryButtonLabel":"Retry","solutionViewTitle":"Solution list","correctText":"Correct!","incorrectText":"Incorrect!","muteButtonLabel":"Mute feedback sound","closeButtonLabel":"Close","slideOfTotal":"Slide :num of :total","scoreBarLabel":"You got :num out of :total points","solutionListQuestionNumber":"Question :num","a11yShowSolution":"Show the solution. The task will be marked with its correct solution.","a11yRetry":"Retry the task. Reset all responses and start the task over again."}},"metadata":{"contentType":"Single Choice Set","license":"U","title":"Using a stage micrometer","authors":[],"changes":[],"extraTitle":"Using a stage micrometer"},"subContentId":"42d03115-7bd1-46b8-bca0-e9284c0c9388"},"pause":true,"displayType":"poster","buttonOnMobile":false,"adaptivity":{"correct":{"allowOptOut":false,"message":""},"wrong":{"allowOptOut":false,"message":""},"requireCompletion":false},"label":"<p>Name the more accurate alternative</p>\n"},{"x":72.0524017467249,"y":7.763221737020864,"width":10.91703056768559,"height":11.441429415915028,"duration":{"from":754,"to":754},"libraryTitle":"Image","action":{"library":"H5P.Image 1.1","params":{"contentName":"Image","file":{"path":"","mime":"image/jpeg","copyright":{"license":"U"},"width":600,"height":600},"alt":"Eyepiece graticule"},"metadata":{"contentType":"Image","license":"U","title":"Untitled Image","authors":[],"changes":[]},"subContentId":"34b9e1b6-2619-4236-9aad-fbdf53898e13"},"visuals":{"backgroundColor":"rgba(0,0,0,0)","boxShadow":true},"pause":true,"displayType":"poster","buttonOnMobile":false,"goto":{"url":{"protocol":"http://"},"visualize":false,"type":""},"label":""},{"x":0,"y":7.763221737020864,"width":28.810020876826723,"height":20.45929018789144,"duration":{"from":754,"to":754},"libraryTitle":"Single Choice Set","action":{"library":"H5P.SingleChoiceSet 1.11","params":{"choices":[{"subContentId":"270abf57-db9d-40b2-8056-b0e03d6ea7be","question":"<p>Instead of filling the entire field of view then dividing by the number of cells it can be better to have a grid pattern built into the eyepiece. The stage micrometer gives the size of the field of view, and the grid allows you to measure what proportion of the field of view is occupied by a particular cell - but what is this device in the lens called?</p>\n","answers":["<p>Eyepiece graticule</p>\n","<p>Eyepiece ruler</p>\n","<p>Lens graticule</p>\n","<p>Lens ruler</p>\n"]}],"overallFeedback":[{"from":0,"to":100}],"behaviour":{"autoContinue":true,"timeoutCorrect":2000,"timeoutWrong":3000,"soundEffectsEnabled":true,"enableRetry":true,"enableSolutionsButton":true,"passPercentage":100},"l10n":{"nextButtonLabel":"Next question","showSolutionButtonLabel":"Show solution","retryButtonLabel":"Retry","solutionViewTitle":"Solution list","correctText":"Correct!","incorrectText":"Incorrect!","muteButtonLabel":"Mute feedback sound","closeButtonLabel":"Close","slideOfTotal":"Slide :num of :total","scoreBarLabel":"You got :num out of :total points","solutionListQuestionNumber":"Question :num","a11yShowSolution":"Show the solution. The task will be marked with its correct solution.","a11yRetry":"Retry the task. Reset all responses and start the task over again."}},"metadata":{"contentType":"Single Choice Set","license":"U","title":"Using an eyepiece graticule","authors":[],"changes":[],"extraTitle":"Using an eyepiece graticule"},"subContentId":"8b9e92df-4573-4bba-9d8b-77a657cf983c"},"pause":true,"displayType":"poster","buttonOnMobile":false,"adaptivity":{"correct":{"allowOptOut":false,"message":""},"wrong":{"allowOptOut":false,"message":""},"requireCompletion":false},"label":""}],"bookmarks":[],"endscreens":[{"time":773,"label":"12:53 Submit screen"}]},"summary":{"task":{"library":"H5P.Summary 1.10","params":{"intro":"Choose the correct statement.","overallFeedback":[{"from":0,"to":100}],"solvedLabel":"Progress:","scoreLabel":"Wrong answers:","resultLabel":"Your result","labelCorrect":"Correct.","labelIncorrect":"Incorrect! Please try again.","alternativeIncorrectLabel":"Incorrect","labelCorrectAnswers":"Correct answers.","tipButtonLabel":"Show tip","scoreBarLabel":"You got :num out of :total points","progressText":"Progress :num of :total"},"subContentId":"9033667e-c703-46a2-9d7e-5632f223e7f1","metadata":{"contentType":"Summary","license":"U","title":"Untitled Summary","authors":[],"changes":[],"extraTitle":"Untitled Summary"}},"displayAt":3}},"override":{"autoplay":false,"loop":false,"showBookmarksmenuOnLoad":false,"showRewind10":false,"preventSkipping":false,"deactivateSound":false},"l10n":{"interaction":"Interaction","play":"Play","pause":"Pause","mute":"Mute","unmute":"Unmute","quality":"Video Quality","captions":"Captions","close":"Close","fullscreen":"Fullscreen","exitFullscreen":"Exit Fullscreen","summary":"Open summary dialog","bookmarks":"Bookmarks","endscreen":"Submit screen","defaultAdaptivitySeekLabel":"Continue","continueWithVideo":"Continue with video","playbackRate":"Playback Rate","rewind10":"Rewind 10 Seconds","navDisabled":"Navigation is disabled","sndDisabled":"Sound is disabled","requiresCompletionWarning":"You need to answer all the questions correctly before continuing.","back":"Back","hours":"Hours","minutes":"Minutes","seconds":"Seconds","currentTime":"Current time:","totalTime":"Total time:","singleInteractionAnnouncement":"Interaction appeared:","multipleInteractionsAnnouncement":"Multiple interactions appeared.","videoPausedAnnouncement":"Video is paused","content":"Content","answered":"@answered answered","endcardTitle":"@answered Question(s) answered","endcardInformation":"You have answered @answered questions, click below to submit your answers.","endcardInformationNoAnswers":"You have not answered any questions.","endcardInformationMustHaveAnswer":"You have to answer at least one question before you can submit your answers.","endcardSubmitButton":"Submit Answers","endcardSubmitMessage":"Your answers have been submitted!","endcardTableRowAnswered":"Answered questions","endcardTableRowScore":"Score","endcardAnsweredScore":"answered","endCardTableRowSummaryWithScore":"You got @score out of @total points for the @question that appeared after @minutes minutes and @seconds seconds.","endCardTableRowSummaryWithoutScore":"You have answered the @question that appeared after @minutes minutes and @seconds seconds."}}